id,source,area_m2,layout,coef_m2,capacity,cap_min,cap_max,cx,cy
seg_000,seg,1100.2,垂直式,28,39,33,49,404199.3,3399818.9
seg_001,seg,6503.5,垂直式,28,232,194,290,404030.3,3399767.9
seg_002,seg,1834.5,垂直式,28,66,55,82,404598.8,3399610.4
seg_003,seg,1867.0,垂直式,28,67,56,83,403710.3,3399538.9
seg_004,seg,211.0,垂直式,28,8,6,9,403721.8,3399353.2
seg_005,seg,21417.0,垂直式,28,765,637,956,403789.0,3399386.4
seg_006,seg,1838.2,垂直式,28,66,55,82,403568.8,3399191.4
seg_007,seg,1619.8,垂直式,28,58,48,72,404677.8,3399114.4
seg_008,seg,1520.0,垂直式,28,54,45,68,402970.5,3399041.2
seg_009,seg,1341.8,垂直式,28,48,40,60,403608.0,3399034.9
seg_010,seg,4631.5,垂直式,28,165,138,207,403310.3,3399035.9
seg_011,seg,16988.8,垂直式,28,607,506,758,403667.0,3398846.9
seg_012,seg,2643.8,垂直式,28,94,79,118,403758.5,3398748.4
seg_013,seg,5550.8,垂直式,28,198,165,248,403535.8,3398746.2
seg_014,seg,4208.5,垂直式,28,150,125,188,403441.3,3398630.9
seg_015,seg,1290.8,垂直式,28,46,38,58,402967.3,3398577.9
seg_016,seg,1403.2,垂直式,28,50,42,63,403745.5,3398540.4
seg_017,seg,3953.8,垂直式,28,141,118,177,403136.5,3398513.9
seg_018,seg,1395.5,垂直式,28,50,42,62,403046.5,3398503.2
seg_019,seg,4634.8,垂直式,28,166,138,207,402943.5,3398493.9
seg_020,seg,2666.2,垂直式,28,95,79,119,403649.0,3398355.4
seg_021,seg,2660.8,垂直式,28,95,79,119,404639.3,3398146.4
seg_022,seg,3419.0,垂直式,28,122,102,153,404147.3,3398140.4
seg_023,seg,2064.8,垂直式,28,74,61,92,403783.0,3397818.2
osm_024,osm,5473.3,垂直式,28,195,163,244,403755.4,3397825.1
osm_025,osm,28641.9,垂直式,28,1023,852,1279,403619.3,3398828.0
