lot_id,lon,lat,area_m2,model_capacity,true_capacity,layout_true,notes
osm_025,103.99339,30.718411,28641.9,1023,,,
seg_005,103.99511,30.723463,21417.0,765,,,
seg_011,103.993886,30.718585,16988.8,607,,,
seg_001,103.997594,30.726924,6503.5,232,,,
seg_013,103.992526,30.717666,5550.8,198,,,
osm_024,103.994905,30.709374,5473.3,195,,,
seg_019,103.986364,30.715342,4634.8,166,,,
seg_010,103.990144,30.720262,4631.5,165,,,
seg_014,103.99155,30.716618,4208.5,150,,,
seg_017,103.988378,30.715538,3953.8,141,,,
seg_022,103.998968,30.71225,3419.0,122,,,
seg_020,103.993744,30.71415,2666.2,95,,,
seg_021,104.004105,30.712344,2660.8,95,,,
seg_012,103.994851,30.717704,2643.8,94,,,
seg_023,103.995194,30.709314,2064.8,74,,,
seg_003,103.994274,30.724832,1867.0,67,,,
seg_006,103.992829,30.721686,1838.2,66,,,
seg_002,104.003546,30.725549,1834.5,66,,,
seg_007,104.004417,30.72108,1619.8,58,,,
seg_008,103.986595,30.720282,1520.0,54,,,
seg_016,103.994735,30.715827,1403.2,50,,,
seg_018,103.987439,30.715434,1395.5,50,,,
seg_009,103.993253,30.720277,1341.8,48,,,
seg_015,103.986605,30.716102,1290.8,46,,,
seg_000,103.999354,30.727398,1100.2,39,,,
seg_004,103.994411,30.723158,211.0,8,,,
